Title,Description,Original Price,Sales Price,Rating,Deal URL,Original URL,Image URL,Category,Tags
50% Off Kids Bikes,üö¥ 50% OFF Kids Bikes at Decathlon! ($99 to $179 with free shipping),299,179,4,https://decathlonamerica.sjv.io/mOgkL7,https://www.decathlon.com/collections/kids-bikes,https://www.decathlon.com/cdn/shop/products/8557142-product_image-1621607.jpg?v=1700574942&width=960,camping-hiking-and-outdoor-gear,
Ultrahuman Ring AIR,10% OFF Ultrahuman Ring AIR! (was $349 now $314),349,314,4,http://ultrahuman.com/outdoorempirecom,http://ultrahuman.com/outdoorempirecom,https://cdn.speedsize.com/3f711f28-1488-44dc-b013-5e43284ac4b0/https://s3.amazonaws.com/public-web-assets.ultrahuman.com/web_v2/ring-buy/renders/rt2.png,camping-hiking-and-outdoor-gear,
25%-50% Off Salomon,25%-50% OFF Select Gear from Salomon (Pre-Black Friday),160,80,3,https://www.avantlink.com/click.php?tt=el&merchant_id=af5b8e7d-f369-4b4a-846b-641c1a9480fb&website_id=c3571a18-8c5f-4fa4-bbfc-646887262f95&url=https%3A%2F%2Fwww.salomon.com%2Fen-us%2Fshop%2Fpromotions%2Fblack-friday-sale.html&ctc=honeyhole,https://www.salomon.com/en-us/shop/promotions/black-friday-sale.html,https://www.salomon.com/en-us/shop/media/catalog/product/article_images/L47443400/L47443400_805ba9e7c6bddb36357d86c8e9c0123f.png?auto=webp&bg-color=f5f5f5&dpr=1&fit=cover&format=pjpg&optimize=low&orient=1&pad=36%2C36%2C36%2C36&width=356,camping-hiking-and-outdoor-gear,
15% Off Vortex Optics,15% OFF Vortex Optics at OpticsPlanet (Use promo code VTX15),4799,2999,3,https://www.avantlink.com/click.php?tt=el&merchant_id=ff9af6fd-7a8c-4a4a-91a6-ea4f01435e58&website_id=c3571a18-8c5f-4fa4-bbfc-646887262f95&url=https%3A%2F%2Fwww.eurooptic.com%2F15-Off-Vortex-Holiday-24.aspx&ctc=honeyhole,https://www.eurooptic.com/15-Off-Vortex-Holiday-24.aspx,https://images.eurooptic.com/images/products/vortex-optics/vortex-razor-hd-gen3-6-36x56-moa-scope-63601.jpg,hunting-gear,
Smith Ski Goggles,40% OFF Select Smith Ski Goggles (including 4D MAG was $340 now $204),340,204,4,https://smithoptics.pxf.io/aO17oZ,https://www.smithoptics.com/en_US/c/warehouse-sale/,https://www.smithoptics.com/dw/image/v2/BDPZ_PRD/on/demandware.static/-/Sites-smith-master-catalog/default/dwafe3ea60/images/product-images/4d-mag-s-goggles/2425/FG/4d-mag-s-goggles_sangria-cpSunChromaPopSunBlack_3Q.png?sw=400&sh=400&sm=fit,camping-hiking-and-outdoor-gear,
50% Off Sitka,50% OFF Select Sitka Gear! Some amazing deals.,770,460,3,https://www.avantlink.com/click.php?tool_type=cl&merchant_id=da743e74-18d9-45a9-b95d-8bc389bec74d&website_id=c3571a18-8c5f-4fa4-bbfc-646887262f95&url=https%3A%2F%2Fwww.sitkagear.com%2Fsale%2Fblack-friday-deals&ctc=honeyhole,https://www.sitkagear.com/sale/black-friday-deals,https://www.sitkagear.com/_next/image?url=https%3A%2F%2Fcdn11.bigcommerce.com%2Fs-bdswytx2s5%2Fproduct_images%2Fattribute_rule_images%2F4805_source_1731624554.png&w=640&q=75,hunting-gear,
Danner Hiking Boots,40% OFF Zamberlan and Danner Hiking Boots (Awesome Discount on High-end Gear!),350,210,4,https://www.avantlink.com/click.php?tt=el&merchant_id=358fd954-c6b8-44a1-9ca9-aaad445d2dfb&website_id=c3571a18-8c5f-4fa4-bbfc-646887262f95&url=https%3A%2F%2Fwww.campsaver.com%2F40-off-select-full-priced-products-with-code-stepup40-2.html&ctc=honeyhole,https://www.campsaver.com/40-off-select-full-priced-products-with-code-stepup40-2.html,https://www.campsaver.com/i/160-146-ffffff/opplanet-zamberlan-vioz-gtx-backpacking-boots-womens-dark-brown-medium-11-0996dbw-medium-11-main.webp,camping-hiking-and-outdoor-gear,
Jetboil Flash Stove,ONLY $40 for a Jetboil Flash Backpacking Stove DUPE! (The real one is $140),140,40,5,https://www.amazon.com/Fire-Maple-Personal-Equipment-Portable-Ultralight/dp/B0CMZP3G5L?th=1&linkCode=ll1&tag=honeyhole-email-20&linkId=688bb14f5b2e40c2d13f9f9ef4a103a2&language=en_US&ref_=as_li_ss_tl,https://www.amazon.com/Fire-Maple-Personal-Equipment-Portable-Ultralight/dp/B0CMZP3G5L/ref=sr_1_24?crid=212FHBYMQ2Z5Q&dib=eyJ2IjoiMSJ9.8CUic1cuZ6iUWzdDzb4vRD8la38ZwqlIHs3X1SmUOy9HFpkssT39Y6L9EZlPRywv8RqChAL0__K8JNR-gkqcxNObkBO2Dc_h9ATJZCXmxRjswPU2Zj6rK3XCGPx8RqaX3-PRTExchjv-c0z9v4aU3jhK6xEO5UywXuf-KcNguDQe6Muph8uoT76SINEIsC7lws-qbaKOp5uPk_Qmatw3auwGGCIKlO60Ly0yLnJXrYxcBEVX76lH3RZhDHfoYF7DHk6cID3K2JzNSUvV8OgM6AQgtu5MmYxl1o5mgB614eg.5kzWtTgfBRA-wWFAHcVcuW2xvIVnPw7eyEPwZVLo9WE&dib_tag=se&keywords=camping&psr=EY17&qid=1732284767&rnid=384082011&s=black-friday&sprefix=campin%2Cblack-friday%2C359&sr=1-24&th=1,https://m.media-amazon.com/images/I/61gyNQoQvvL.__AC_SX300_SY300_QL70_FMwebp_.jpg,camping-hiking-and-outdoor-gear,
Coleman Sundome Tent,33% OFF Coleman Sundome Camping Tent! (was $100 now $67),100,67,4,https://www.amazon.com/Coleman-4-Person-Camping-Sundome-Setup/dp/B019N9W7WC?th=1&psc=1&linkCode=ll1&tag=honeyhole-email-20&linkId=90f2c0b84a1b9b4f835a500b9f193f75&language=en_US&ref_=as_li_ss_tl,https://www.amazon.com/Coleman-4-Person-Camping-Sundome-Setup/dp/B019N9W7WC/ref=sr_1_319?crid=212FHBYMQ2Z5Q&dib=eyJ2IjoiMSJ9.Fmdo8KOWau4QQMvv8RuRV6D9yWJ3Gn_WFi-YDQrvrht3ywiRJU5cgUF8nYM6h3tAbQ9q-0l6OVmpKULb4uj2q43-xskbj52pAQ5s4wuaGcA.UuhAnp92-7DSo_tLkAP7TgSm6RueaLA-Jq6mJj88U6I&dib_tag=se&keywords=camping&psr=EY17&qid=1732288149&rnid=384082011&s=black-friday&sprefix=campin%2Cblack-friday%2C359&sr=1-319&th=1&psc=1,https://m.media-amazon.com/images/I/71AIHD5lPvL.__AC_SX300_SY300_QL70_FMwebp_.jpg,camping-hiking-and-outdoor-gear,
Pflueger President Spinning Combo,53% OFF Pflueger President Spinning Combo with Bait Pack! (was $170 now $100),170,100,5,https://www.avantlink.com/click.php?tt=el&merchant_id=e21b2ad7-382e-4db9-b77e-22f8b11c5c01&website_id=c3571a18-8c5f-4fa4-bbfc-646887262f95&url=https%3A%2F%2Fwww.scheels.com%2Fp%2F04338848135%2F%3FqueryID%3D74e7308e5bc089d93f63b05ff978d9b6&ctc=honeyhole,https://www.scheels.com/p/04338848135/?queryID=74e7308e5bc089d93f63b05ff978d9b6,https://scheels.scene7.com/is/image/Scheels/04338848135?wid=500&hei=500,fishing-gear,
Scheels Ram River Down Vest,ONLY $50 for a Scheels Ram River Down Vest or Jacket! (50-70% off),130,50,4,https://www.avantlink.com/click.php?tt=el&merchant_id=e21b2ad7-382e-4db9-b77e-22f8b11c5c01&website_id=c3571a18-8c5f-4fa4-bbfc-646887262f95&url=https%3A%2F%2Fwww.scheels.com%2Fsearch%2F%3Fq%3Dscheels+ram+river&ctc=honeyhole,https://www.scheels.com/search/?q=scheels%20ram%20river,https://scheels.scene7.com/is/image/Scheels/47500029217?wid=640,camping-hiking-and-outdoor-gear,
Big Agnes Copper Spur UL 2,35% OFF Big Agnes Copper Spur UL 2 Platinum Tent - SMOKIN' DEAL! (was $600 now $390),600,390,5,https://www.avantlink.com/click.php?tt=el&merchant_id=358fd954-c6b8-44a1-9ca9-aaad445d2dfb&website_id=c3571a18-8c5f-4fa4-bbfc-646887262f95&url=https%3A%2F%2Fwww.campsaver.com%2Fbig-agnes-copper-spur-ul-2-platinum-tent-2-person-3-season.html&ctc=honeyhole,https://www.campsaver.com/big-agnes-copper-spur-ul-2-platinum-tent-2-person-3-season.html,https://www.campsaver.com/i/440-440-ffffff/opplanet-big-agnes-copper-spur-ul-2-platinum-tent-2-person-3-season.webp,camping-hiking-and-outdoor-gear,
25% Off Sea to Summit,‚õ∫ 25% OFF Sea to Summit Tents,600,450,3,https://www.avantlink.com/click.php?tt=el&merchant_id=31b24f74-cc43-486e-af62-2378a089ed77&website_id=c3571a18-8c5f-4fa4-bbfc-646887262f95&url=https%3A%2F%2Fseatosummit.com%2Fcollections%2Fcamping-tents-tarps&ctc=honeyhole,https://seatosummit.com/collections/camping-tents-tarps,https://seatosummit.com/cdn/shop/files/Telos-TR2-Ultralight-Tent-Grey-02.jpg?v=1724191646&width=1500,camping-hiking-and-outdoor-gear,
Huge Ice Fishing Sale,"HUGE ICE FISHING SALE!! Up To 60% Off Rods, Augers, Outerwear!",150,80,4,https://www.avantlink.com/click.php?tt=el&merchant_id=e21b2ad7-382e-4db9-b77e-22f8b11c5c01&website_id=c3571a18-8c5f-4fa4-bbfc-646887262f95&url=https%3A%2F%2Fwww.scheels.com%2Fc%2Fice-fishing%2F&ctc=honeyhole,https://www.scheels.com/c/ice-fishing/,https://scheels.scene7.com/is/image/Scheels/08227164100?wid=640,fishing-gear,
Yeti Roadie 24 Cooler,20% OFF YETI Roadie 24 Coolers & More YETI Deals on Amazon! (was $250 now $200),250,200,3,https://www.amazon.com/stores/page/1E4D4A1D-181B-4581-8F59-B69FD597FEBD?&linkCode=ll2&tag=honeyhole-page-20&linkId=831eef1fadfc6c09a5d26ce8831cfbb3&language=en_US&ref_=as_li_ss_tl,https://www.amazon.com/stores/page/1E4D4A1D-181B-4581-8F59-B69FD597FEBD,https://m.media-amazon.com/images/I/51HYRkRxKBL.__AC_SX300_SY300_QL70_FMwebp_.jpg,camping-hiking-and-outdoor-gear,
Big Agnes Roxy Ann Sleeping System,55% OFF Big Agnes Roxy Ann 3N1 15 Degree Sleeping System‚ÄîAMAZING! (was $400 now $179),400,180,5,https://www.avantlink.com/click.php?tt=el&merchant_id=358fd954-c6b8-44a1-9ca9-aaad445d2dfb&website_id=c3571a18-8c5f-4fa4-bbfc-646887262f95&url=https%3A%2F%2Fwww.campsaver.com%2Fbig-agnes-roxy-ann-3n1-15-650-downtek-sleeping-bag-women-s.html&ctc=honeyhole,https://www.campsaver.com/big-agnes-roxy-ann-3n1-15-650-downtek-sleeping-bag-women-s.html,https://www.campsaver.com/i/440-440-ffffff/opplanet-big-agnes-roxy-ann-3n1-30-650-downtek-sleeping-bag-womens-lyons-blue-teal-regular-bwra3n130r22-main.webp,camping-hiking-and-outdoor-gear,
Topo Design Shorts,$50 OFF TOPO DESIGNS Shorts! (was $89 now $39),89,39,4,https://www.avantlink.com/click.php?tt=el&merchant_id=a6dc4029-3e05-45a2-84c7-39f62c33d79b&website_id=c3571a18-8c5f-4fa4-bbfc-646887262f95&url=https%3A%2F%2Ftopodesigns.com%2Fproducts%2Fretro-river-shorts-mens%3Fvariant%3D42933986263093&ctc=honeyhole,https://topodesigns.com/products/retro-river-shorts-mens?variant=42933986263093,https://topodesigns.com/cdn/shop/files/SS25-M-RetroRiverShorts-Beetle-Crackle-211405360-Front-1.jpg?v=1741716948&width=600,camping-hiking-and-outdoor-gear,
Down 32 Degree Sleeping Bag,60% OFF a Down 32 degree sleeping bag! (Trekkinglite 0¬∞C / 32¬∞F),330,130,5,https://www.avantlink.com/click.php?tt=el&merchant_id=e5ff97ca-3441-446a-a2fd-85687f3db1de&website_id=c3571a18-8c5f-4fa4-bbfc-646887262f95&url=https%3A%2F%2Fwww.expedusa.com%2Fproducts%2Ftrekkinglite-0&ctc=honeyhole,https://www.expedusa.com/products/trekkinglite-0,https://www.expedusa.com/cdn/shop/products/PI_Trekkinglite0_topview_7640171999760_1000x_029a472f-1069-44dc-b888-6fb369fdd406.jpg?v=1627417251&width=713,camping-hiking-and-outdoor-gear,
1/4 Zip Midweight Base Layer,SAVE $30 on 1/4 Zip Midweight Base Layer 100% Merino WOOL‚Äîincluding CAMO! (was $120 now $90),120,90,4,https://www.avantlink.com/click.php?tt=el&merchant_id=c259e5f0-7344-4972-9b81-c140a02b03c7&website_id=c3571a18-8c5f-4fa4-bbfc-646887262f95&url=https%3A%2F%2Fwww.minus33.com%2Fcollections%2Fmens-on-sale-wool%2Fproducts%2F100-merino-wool-isolation-mens-1-4-zip-midweight-clearance%3Fvariant%3D43828298940654&ctc=honeyhole,https://www.minus33.com/collections/mens-on-sale-wool/products/100-merino-wool-isolation-mens-1-4-zip-midweight-clearance,https://www.minus33.com/cdn/shop/files/714MO-AOI-front-zoom_e64f1530-f2aa-42aa-b432-42f9de4d571a.jpg?v=1711055939&width=1080,camping-hiking-and-outdoor-gear,
50% Off MAGMA Grill Bundles,"50% OFF Stainless Steel MAGMA Grill Bundles and accessories!! (For the boat, camping, or tailgating)",340,170,5,https://www.avantlink.com/click.php?tt=el&merchant_id=bd2037c4-c41b-4056-b0e6-80c9f3cdca06&website_id=c3571a18-8c5f-4fa4-bbfc-646887262f95&url=https%3A%2F%2Fmagmaproducts.com%2Fcollections%2Fsale&ctc=honeyhole,https://magmaproducts.com/collections/sale,https://magmaproducts.com/cdn/shop/files/CO10-11_bundle_e9as6o_540x.jpg?v=1721319882,camping-hiking-and-outdoor-gear,
Salomon Glide Max Shoes,SAVE $96 on Women's SALOMON Glide Max Trail Running Shoe (was $160 is $64),160,64,5,https://www.avantlink.com/click.php?tt=el&merchant_id=af5b8e7d-f369-4b4a-846b-641c1a9480fb&website_id=c3571a18-8c5f-4fa4-bbfc-646887262f95&url=https%3A%2F%2Fwww.salomon.com%2Fen-us%2Fshop%2Fproduct%2Fglide-max-tr-li3118.html%23color%3D84901&ctc=honeyhole,https://www.salomon.com/en-us/shop/product/glide-max-tr-li3118.html#color=84901,https://www.salomon.com/en-us/shop/media/catalog/product/article_images/L47317500/L47317500_271b7520db8643a2805e8860025bbd2e.png?auto=webp&bg-color=f5f5f5&dpr=1.25&fit=cover&format=pjpg&optimize=low&orient=1&pad=216%2C105%2C219%2C105&width=915,camping-hiking-and-outdoor-gear,
Coleman 6 Person Tent,54% OFF Coleman 6 Person Tent with Screen Porch‚ÄîAwesome Family Tent! (was $350 now $160),350,160,4,https://www.amazon.com/Coleman-Carlsbad-4-Person-Dome-Screen/dp/B019YDV6A6?content-id=amzn1.sym.3779f802-41c9-4701-80fc-4e48e28c3342%3Aamzn1.sym.3779f802-41c9-4701-80fc-4e48e28c3342&crid=1BAFGQQJHR5AH&cv_ct_cx=camping&keywords=camping&pd_rd_i=B019YDV12O&pd_rd_r=ae261ac8-55b2-46e4-b69e-b40e7893e15c&pd_rd_w=JIlg1&pd_rd_wg=lvIFB&pf_rd_p=3779f802-41c9-4701-80fc-4e48e28c3342&pf_rd_r=GP3WAHJTKJKN7YH7SQC6&qid=1734475026&sbo=RZvfv%2F%2FHxDF%2BO5021pAnSA%3D%3D&sprefix=camping%2Caps%2C117&sr=1-5-9549b3c6-cc8d-4bb1-9035-2773e949cdec-spons&sp_csd=d2lkZ2V0TmFtZT1zcF9zZWFyY2hfdGhlbWF0aWM&th=1&linkCode=ll1&tag=honeyhole-page-20&linkId=457978e6333b6caf5d63825d15e16d94&language=en_US&ref_=as_li_ss_tl,https://www.amazon.com/Coleman-Carlsbad-4-Person-Dome-Screen/dp/B019YDV12O/ref=sxin_15_pa_sp_search_thematic_sspa?content-id=amzn1.sym.3779f802-41c9-4701-80fc-4e48e28c3342%3Aamzn1.sym.3779f802-41c9-4701-80fc-4e48e28c3342&crid=1BAFGQQJHR5AH&cv_ct_cx=camping&keywords=camping&pd_rd_i=B019YDV12O&pd_rd_r=ae261ac8-55b2-46e4-b69e-b40e7893e15c&pd_rd_w=JIlg1&pd_rd_wg=lvIFB&pf_rd_p=3779f802-41c9-4701-80fc-4e48e28c3342&pf_rd_r=GP3WAHJTKJKN7YH7SQC6&qid=1734475026&sbo=RZvfv%2F%2FHxDF%2BO5021pAnSA%3D%3D&sprefix=camping%2Caps%2C117&sr=1-5-9549b3c6-cc8d-4bb1-9035-2773e949cdec-spons&sp_csd=d2lkZ2V0TmFtZT1zcF9zZWFyY2hfdGhlbWF0aWM&th=1,https://m.media-amazon.com/images/I/71jKW9Ld4VL._AC_SX679_.jpg,camping-hiking-and-outdoor-gear,
,$100 OFF Sport Dog FIeld Sentinel 1825 Dog Training Collar (was $550 now $450),,,4,https://cabelas.xhuc.net/bOkN79,https://www.cabelas.com/shop/en/sportdog-brand-fieldsentinel-electronic-dog-training-system,,,
,"24% OFF Sea to Summit Stuff Sack Set - Small, Medium, & Large (was $25 now $19)",,,3,https://www.avantlink.com/click.php?tt=el&merchant_id=83c7c186-fb5f-42ca-a1a4-8e6e1a99ac2e&website_id=c3571a18-8c5f-4fa4-bbfc-646887262f95&url=https%3A%2F%2Fwww.sportsmans.com%2Fcamping-gear-supplies%2Fbackpacks-bags%2Fstuff-sacks-ditty-bags%2Fsea-to-summit-ultra-sil-stuff-sack-set-small-medium-large%2Fp%2F1855773&ctc=honeyhole,https://www.sportsmans.com/camping-gear-supplies/backpacks-bags/stuff-sacks-ditty-bags/sea-to-summit-ultra-sil-stuff-sack-set-small-medium-large/p/1855773,,,
,60% OFF ENO Moonshine Camping Lantern (was $25 now $10),,,3,https://www.avantlink.com/click.php?tt=el&merchant_id=83c7c186-fb5f-42ca-a1a4-8e6e1a99ac2e&website_id=c3571a18-8c5f-4fa4-bbfc-646887262f95&url=https%3A%2F%2Fwww.sportsmans.com%2Fcamping-gear-supplies%2Flighting%2Felectric-lanterns%2Feagles-nest-outfitters-moonshine-lantern%2Fp%2F1858291&ctc=honeyhole,https://www.sportsmans.com/camping-gear-supplies/lighting/electric-lanterns/eagles-nest-outfitters-moonshine-lantern/p/1858291,,,
,45% OFF Big Agnes Copper Spur HV UL5 Tent! (was $900 Is $495!),,,5,https://www.avantlink.com/click.php?tt=el&merchant_id=358fd954-c6b8-44a1-9ca9-aaad445d2dfb&website_id=c3571a18-8c5f-4fa4-bbfc-646887262f95&url=https%3A%2F%2Fwww.campsaver.com%2Fbig-agnes-copper-spur-hv-ul5-tent.html%3F_iv_deal-types%3Don-sale%26_iv_code%3D2BG-TBK-RTB1C92-THVCSG522&ctc=honeyhole,https://www.campsaver.com/big-agnes-copper-spur-hv-ul5-tent.html?_iv_deal-types=on-sale&_iv_code=2BG-TBK-RTB1C92-THVCSG522,,,
,SAVE 83% On KUJU Coffee Pocket PourOver Packets‚ÄîGreat for camping and backpacking! (was $11 now $1.92),,,3,https://www.avantlink.com/click.php?tt=el&merchant_id=83c7c186-fb5f-42ca-a1a4-8e6e1a99ac2e&website_id=c3571a18-8c5f-4fa4-bbfc-646887262f95&url=https%3A%2F%2Fwww.sportsmans.com%2Fcamping-gear-supplies%2Fcamp-cooking%2Ffood-nutrition%2Fcoffee%2Fkuju-coffee-pocket-pourover%2Fp%2Fp48272&ctc=honeyhole,https://www.sportsmans.com/camping-gear-supplies/camp-cooking/food-nutrition/coffee/kuju-coffee-pocket-pourover/p/p48272,,,
,"SAVE 45% On a LEGIT Gravel Bike‚ÄîTriban GRVL520 Subcompact Gravel (was $1,799 now $999)",,,3,https://decathlonamerica.sjv.io/6yGGW3,https://www.decathlon.com/products/triban-grvl-520-subcompact-gravel-bike-326904?,,,
,40% OFF Men's First Lite Omen Stormshelter Jacket‚Äîa top quality hunting rain jacket! (was $390 now $236),,,3,https://www.avantlink.com/click.php?tt=el&merchant_id=e21b2ad7-382e-4db9-b77e-22f8b11c5c01&website_id=c3571a18-8c5f-4fa4-bbfc-646887262f95&url=https%3A%2F%2Fwww.scheels.com%2Fp%2F84338013306%2F&ctc=honeyhole,https://www.scheels.com/p/84338013306/,,,
,30% OFF Cabela's Outfitter Series Wooltimate Jacket‚ÄîI have the hoodie version of this and it's AMAZING! (was $140 now $98),,,4,https://bassproshops.vzck.net/JKqqjR,https://www.basspro.com/shop/en/cabelas-outfitter-series-wooltimate-jacket-with-4most-windshear,,,
,30% OFF Cabela's Outfitter Series Wooltimate Pants‚ÄîWARM even in the WIND! (was $140 now $98),,,4,https://bassproshops.vzck.net/dORRDM,https://www.basspro.com/shop/en/cabelas-outfitter-series-wooltimate-pants-with-4most-windshear,,,
,50% OFF Reclinable Camping Chair‚ÄîQuality and comfort! (was $60 now $30),,,4,https://decathlonamerica.sjv.io/9LAGBj,https://www.decathlon.com/collections/deals/products/us-folding-comfort-camping-chair-reclinable-steel-342646?variant=39732254081086,,,
,$150 OFF Franchi Affinity 12 Ga Shotgun‚ÄîI have this in a 20 Ga and absolutely love it! (was $850 now $700),,,3,https://www.avantlink.com/click.php?tt=el&merchant_id=83c7c186-fb5f-42ca-a1a4-8e6e1a99ac2e&website_id=c3571a18-8c5f-4fa4-bbfc-646887262f95&url=https%3A%2F%2Fwww.sportsmans.com%2Fshooting-gear-gun-supplies%2Fshotguns%2Ffranchi-affinity-3-anodized-black-12-gauge-3in-semi-automatic-shotgun-28in%2Fp%2F1484425&ctc=honeyhole,https://www.sportsmans.com/shooting-gear-gun-supplies/shotguns/franchi-affinity-3-anodized-black-12-gauge-3in-semi-automatic-shotgun-28in/p/1484425,,,
,47% OFF Bass Pro Shops Modular Tackle Storage System! (was $150 now $80),,,3,https://bassproshops.vzck.net/BnxE44,https://www.basspro.com/shop/en/bass-pro-shops-modular-tackle-management-system,,,
,64% OFF Rapala Soft Grip Fillet Knife with Sharpener! (was $23 now $8),,,5,https://www.avantlink.com/click.php?tt=el&merchant_id=358fd954-c6b8-44a1-9ca9-aaad445d2dfb&website_id=c3571a18-8c5f-4fa4-bbfc-646887262f95&url=https%3A%2F%2Fwww.campsaver.com%2Frapala-soft-grip-fillet-knife-with-sharpener.html&ctc=honeyhole,https://www.campsaver.com/rapala-soft-grip-fillet-knife-with-sharpener.html,,,
,54% OFF Mountainsmith Apex 20 Daypack‚Äîwhen you add to cart! (was $110 now $51),,,5,https://www.avantlink.com/click.php?tt=el&merchant_id=358fd954-c6b8-44a1-9ca9-aaad445d2dfb&website_id=c3571a18-8c5f-4fa4-bbfc-646887262f95&url=https%3A%2F%2Fwww.campsaver.com%2Fmountainsmith-apex-20-backpack.html&ctc=honeyhole,https://www.campsaver.com/mountainsmith-apex-20-backpack.html,,,
,53% OFF Vortex Diamondback 10x42mm Binoculars‚ÄîBest price we could find! (was $279 now $130),,,5,https://www.avantlink.com/click.php?tt=el&merchant_id=358fd954-c6b8-44a1-9ca9-aaad445d2dfb&website_id=c3571a18-8c5f-4fa4-bbfc-646887262f95&url=https%3A%2F%2Fwww.campsaver.com%2Fvortex-diamondback-10x42mm-binocular.html&ctc=honeyhole,https://www.campsaver.com/vortex-diamondback-10x42mm-binocular.html,,,
,50% OFF ICONIC MSR Hubba Hubba 2p Backpacking Tent on Amazon! (was $550 now $276),,,5,https://www.amazon.com/MSR-Hubba-2-Person-Lightweight-Backpacking/dp/B09LNZLDJ7?&linkCode=ll1&tag=honeyhole-page-20&linkId=11b65025dc21f3e64a80e42144e80f5f&language=en_US&ref_=as_li_ss_tl,https://www.amazon.com/MSR-Hubba-2-Person-Lightweight-Backpacking/dp/B09LNZLDJ7/ref=sr_1_3,,,
,"EXCLUSIVE!! 15% OFF at Ignik Outdoors‚ÄîPortable propane tanks, Fire Cans, and More! (use code: outdoor_empire)",,,3,https://www.avantlink.com/click.php?tt=el&merchant_id=aa6cff7d-2f6c-4da0-82cd-2aa2c4215749&website_id=c3571a18-8c5f-4fa4-bbfc-646887262f95&url=https%3A%2F%2Fignik.com%2Fcollections%2Fdiscount-products&ctc=honeyhole,https://ignik.com/collections/discount-products,,,
,40% OFF Select Cool Guy Sunglasses at Smith Optics‚ÄîEveryday and active models!,,,4,https://smithoptics.pxf.io/9LAkBQ,https://www.smithoptics.com/c/sale/f/sunglass/,,,
,50% OFF Anker SOLIX C1000 Portable Power Station‚ÄîClick coupon for full discount! (was $999 now $499),,,5,https://www.amazon.com/gp/aw/d/B0C5C89QKZ?th=1&linkCode=ll1&tag=honeyhole-page-20&linkId=2bed458deacb79bec2313404c8eaf279&language=en_US&ref_=as_li_ss_tl,https://www.amazon.com/gp/aw/d/B0C5C89QKZ/?th=1,,,
,UP TO 40% OFF Mountain Hardwear Ghost Whisperer 2 Puffy Jacket on Amazon! (was $330 now $196),,,3,https://www.amazon.com/Mountain-Hardwear-Standard-Whisperer-Jacket/dp/B0C32TY7W6?content-id=amzn1.sym.7d2e00dd-9358-4f89-aca0-04685eb73811%3Aamzn1.sym.7d2e00dd-9358-4f89-aca0-04685eb73811&crid=2HU0JQNIRX8ZM&cv_ct_cx=mountain%2Bhardwear&keywords=mountain%2Bhardwear&pd_rd_i=B08W3P15SW&pd_rd_r=50e40591-ac6b-40c8-8d28-24a67f02bbca&pd_rd_w=p268q&pd_rd_wg=nJP7S&pf_rd_p=7d2e00dd-9358-4f89-aca0-04685eb73811&pf_rd_r=EA9XDAYYE8EFQG9CMFJT&qid=1737747846&sbo=RZvfv%2F%2FHxDF%2BO5021pAnSA%3D%3D&sprefix=mountain%2Bhardwear%2Caps%2C216&sr=1-2-5f457e4f-4cf5-45bd-948b-58563dcb013a&th=1&psc=1&linkCode=ll1&tag=honeyhole-page-20&linkId=3dbc88bd8d99ec0bbe24a33bcf25365a&language=en_US&ref_=as_li_ss_tl,https://www.amazon.com/Mountain-Hardwear-Standard-Whisperer-Jacket/dp/B0C32TY7W6/ref=sxin_24_recs_zoco_stores_brand_identity_bs?content-id=amzn1.sym.7d2e00dd-9358-4f89-aca0-04685eb73811%3Aamzn1.sym.7d2e00dd-9358-4f89-aca0-04685eb73811&crid=2HU0JQNIRX8ZM&cv_ct_cx=mountain%2Bhardwear&keywords=mountain%2Bhardwear&pd_rd_i=B08W3P15SW&pd_rd_r=50e40591-ac6b-40c8-8d28-24a67f02bbca&pd_rd_w=p268q&pd_rd_wg=nJP7S&pf_rd_p=7d2e00dd-9358-4f89-aca0-04685eb73811&pf_rd_r=EA9XDAYYE8EFQG9CMFJT&qid=1737747846&sbo=RZvfv%2F%2FHxDF%2BO5021pAnSA%3D%3D&sprefix=mountain%2Bhardwear%2Caps%2C216&sr=1-2-5f457e4f-4cf5-45bd-948b-58563dcb013a&th=1&psc=1,,,
,40% OFF Big Agnes Women's Sidewinder Camp 20 Degree Regular Mummy Sleeping Bag! (was $190 now $115),,,4,https://www.avantlink.com/click.php?tt=el&merchant_id=83c7c186-fb5f-42ca-a1a4-8e6e1a99ac2e&website_id=c3571a18-8c5f-4fa4-bbfc-646887262f95&url=https%3A%2F%2Fwww.sportsmans.com%2Fcamping-gear-supplies%2Fsleeping-gear%2Fsleeping-bags%2Fbig-agnes-womens-sidewinder-camp-mummy-sleeping-bag-purple%2Fp%2Fp235810&ctc=honeyhole,https://www.sportsmans.com/camping-gear-supplies/sleeping-gear/sleeping-bags/big-agnes-womens-sidewinder-camp-mummy-sleeping-bag-purple/p/p235810,,,
,"30% OFF Farm To Feet Damascus Hiking Socks‚ÄîPopular, USA-made, and super comfy! (was $26 now $18)",,,3,https://www.avantlink.com/click.php?tt=el&merchant_id=e0a3fde0-21fd-48e6-8c93-38e5f2b0ecd0&website_id=c3571a18-8c5f-4fa4-bbfc-646887262f95&url=https%3A%2F%2Fwww.farmtofeet.com%2Fcollections%2Fsocks%2Fproducts%2F1749_american_trail_damascus_full_cushion_warehouse&ctc=honeyhole,https://www.farmtofeet.com/collections/socks/products/1749_american_trail_damascus_full_cushion_warehouse,,,
,40% OFF Black Beard Fire Plug Kit‚Äîfantastic fire starters that are made in USA! (was $101 now $60),,,3,https://www.avantlink.com/click.php?tt=el&merchant_id=fd65beed-dc5a-4d37-84e1-be2663079d65&website_id=c3571a18-8c5f-4fa4-bbfc-646887262f95&url=https%3A%2F%2Fblackbeardfire.com%2Fproducts%2Fblack-beard-fire-plug-kit-fire-starter-kit%3Fvariant%3D44271210004636&ctc=honeyhole,https://blackbeardfire.com/products/black-beard-fire-plug-kit-fire-starter-kit?variant=44271210004636,,,
,50% OFF KUIU Pro Bino Harness! (was $120 now $60),,,4,https://www.avantlink.com/click.php?tt=el&merchant_id=74abdbc7-5cd7-4518-9fcb-9b0bf7ee96a2&website_id=c3571a18-8c5f-4fa4-bbfc-646887262f95&url=https%3A%2F%2Fwww.kuiu.com%2Fproducts%2Foutlet-pro-bino-harness-vias%3Fvariant%3D44783168913566&ctc=honeyhole,https://www.kuiu.com/products/outlet-pro-bino-harness-vias?variant=44783168913566,,,
,58% OFF Giro Women's Terra MIPS Freeride Snow Helmet (was $190 now $80),,,4,https://dicks-sporting-goods.ryvx.net/Oe9MXA,https://www.dickssportinggoods.com/p/giro-womens-terra-mips-freeride-snow-helmet-18girwtrrmpsxxxxxssp/18girwtrrmpsxxxxxssp?,,,
,$150 OFF Big Agnes Big House 4-Person 3-Season Tent (was $500 now $350),,,4,https://dicks-sporting-goods.ryvx.net/19Dv6g,https://www.dickssportinggoods.com/p/big-agnes-big-house-4-4-person-3-season-tent-24tumubghs4xxxxxxcat/24tumubghs4xxxxxxcat?categoryId=10590353&color=Rooibos%2FShale,,,
,60% OFF Gerber Knives Ripstop II Drop Point Folding Knife (was $42 now $17),,,5,https://dicks-sporting-goods.ryvx.net/Wy6MxO,https://www.dickssportinggoods.com/p/gerber-knives-ripstop-ii-drop-point-folding-knife-16grburpstpxxxxxxcutx/16grburpstpxxxxxxcutx?categoryId=10590353,,,
,49% OFF Redington Classic Trout Fly Rod (was $350 now $180),,,4,https://dicks-sporting-goods.ryvx.net/Vxb7Oj,https://www.dickssportinggoods.com/p/redington-classic-trout-fly-rod-15rgtu4904ctt4wt9rod/15rgtu4904ctt4wt9rod,,,
,37% OFF Malone Auto Racks Pilot HM4 Hitch Mount Platform 4 Bike Carrier (was $900 now $567),,,3,https://dicks-sporting-goods.ryvx.net/55Moj3,https://www.dickssportinggoods.com/p/malone-pilot-hm4-hitch-mount-platform-4-bike-carrier-2-22mauaplthm4xxxxxhtc/22mauaplthm4xxxxxhtc?color=Black,,,
,75% OFF Access Fund BD Trucker Hat (was $40 now $10),,,4,https://www.avantlink.com/click.php?tt=el&merchant_id=bd711266-995f-47d1-aae8-6ef1317d1770&website_id=c3571a18-8c5f-4fa4-bbfc-646887262f95&url=https%3A%2F%2Fwww.blackdiamondequipment.com%2Fen_US%2Fproduct%2Faccess-fund-bd-trucker-hat%2F%3Fcolorid%3D17941&ctc=honeyhole,https://www.blackdiamondequipment.com/en_US/product/access-fund-bd-trucker-hat/?colorid=17941,,,
,60% OFF Women's Project Heavy Flannel‚ÄîPast Season clearance! (was $110 now $44),,,3,https://www.avantlink.com/click.php?tt=el&merchant_id=bd711266-995f-47d1-aae8-6ef1317d1770&website_id=c3571a18-8c5f-4fa4-bbfc-646887262f95&url=https%3A%2F%2Fwww.blackdiamondequipment.com%2Fen_US%2Foutlet%2Fwomens-project-heavy-flannel-past-season%2F%3Fcolorid%3D36422&ctc=honeyhole,https://www.blackdiamondequipment.com/en_US/outlet/womens-project-heavy-flannel-past-season/?colorid=36422,,,
,38% OFF Helinox Seat Warmer for High-Back  Camp Chairs (was $80 now $60),,,4,https://www.avantlink.com/click.php?tt=el&merchant_id=d7174e20-4bca-49c0-ba1a-c9386e4844a0&website_id=c3571a18-8c5f-4fa4-bbfc-646887262f95&url=https%3A%2F%2Fhelinox.com%2Fproducts%2Fseat-warmer-high-back%3F_pos%3D1%26_sid%3D2829b1dd5%26_ss%3Dr%3Fvariant%3D37756335653038%26variant%3D37756335653038,https://helinox.com/products/seat-warmer-high-back?_pos=1&_sid=2829b1dd5&_ss=r%3Fvariant%3D37756335653038&variant=37756335653038,,,
,50% OFF Wind Breaker The Hideaway Weather-Resistant Windbreaker (was $80 now $40),,,4,https://www.avantlink.com/click.php?tt=el&merchant_id=16991c47-0971-4075-b596-ef14b62a1172&website_id=c3571a18-8c5f-4fa4-bbfc-646887262f95&url=https%3A%2F%2Funchartedsupplyco.com%2Fproducts%2Fthe-hideaway&ctc=honeyhole,https://unchartedsupplyco.com/products/the-hideaway,,,
,40% OFF Survival Kit‚ÄîDesigned to go with youre 72-hour emergency kit! (was $300 now $179),,,4,https://www.avantlink.com/click.php?tt=el&merchant_id=16991c47-0971-4075-b596-ef14b62a1172&website_id=c3571a18-8c5f-4fa4-bbfc-646887262f95&url=https%3A%2F%2Funchartedsupplyco.com%2Fproducts%2Ffull-insert-seventy2&ctc=honeyhole,https://unchartedsupplyco.com/products/full-insert-seventy2,,,
,"43% OFF Lodge 8-Inch Cast Iron Skillet‚ÄîPerfect size for solo camping, I just bought one! (was $26 now $15)",,,4,https://www.amazon.com/Lodge-Skillet-Pre-Seasoned-Skillet-Stovetop/dp/B00008GKDG?th=1&linkCode=ll1&tag=honeyhole-page-20&linkId=7f6d30ce0c1cd5d8eb363803f83580d9&language=en_US&ref_=as_li_ss_tl,https://www.amazon.com/Lodge-Skillet-Pre-Seasoned-Skillet-Stovetop/dp/B00008GKDG/ref=sr_1_1?th=1,,,
,25% Helinox Toasty‚ÄîSpecial blanket that goes under and over you in a camp chair! (was $150 now $112),,,3,https://www.avantlink.com/click.php?tt=el&merchant_id=d7174e20-4bca-49c0-ba1a-c9386e4844a0&website_id=c3571a18-8c5f-4fa4-bbfc-646887262f95&url=https%3A%2F%2Fhelinox.com%2Fproducts%2Ftoasty%3Fvariant%3D37667494101166&ctc=honeyhole,https://helinox.com/products/toasty?variant=37667494101166,,,
,25% Helinox Seat Warmer‚ÄîFor low back camp chairs! (was $60 now $45),,,3,https://www.avantlink.com/click.php?tt=el&merchant_id=d7174e20-4bca-49c0-ba1a-c9386e4844a0&website_id=c3571a18-8c5f-4fa4-bbfc-646887262f95&url=https%3A%2F%2Fhelinox.com%2Fproducts%2Fseat-warmer-chair-one%3Fvariant%3D46163166331054&ctc=honeyhole,https://helinox.com/products/seat-warmer-chair-one?variant=46163166331054,,,
,50% OFF E-Muff Hearing Protection (was $40 now $20),,,5,https://cabelas.xhuc.net/QjNN36,https://www.cabelas.com/shop/en/rangemaxx-maxx-premium-e-muff-hearing-protection,,,
,Save $200 On BlackOut Epic Compound Bow Package (was $600 now $400),,,3,https://cabelas.xhuc.net/kOaaGV,https://www.cabelas.com/shop/en/blackout-epic-compound-bow-package,,,
,30% OFF SITKA Patriot Mid-Pro Trucker Cap (was $30 now $21),,,3,https://cabelas.xhuc.net/aOxxQo,https://www.cabelas.com/shop/en/sitka-patriot-mid-pro-trucker-cap,,,
,40% OFF Archery Target (was $20 now $12),,,3,https://cabelas.xhuc.net/Z6xx3g,https://www.cabelas.com/shop/en/morrell-ibo-nasp-whitetail-deer-polypropylene-archery-target-face,,,
,37% OFF 24-inch Stansport Utility Steel Bow Saw (was $19 now $12),,,3,https://www.avantlink.com/click.php?tt=el&merchant_id=83c7c186-fb5f-42ca-a1a4-8e6e1a99ac2e&website_id=c3571a18-8c5f-4fa4-bbfc-646887262f95&url=https%3A%2F%2Fwww.sportsmans.com%2Fcamping-gear-supplies%2Fsafety-survival%2Faxes-saws-shovels-shears%2Fsaws%2Fstnsprt-bow-saw-24in%2Fp%2Fp1054&ctc=honeyhole,https://www.sportsmans.com/camping-gear-supplies/safety-survival/axes-saws-shovels-shears/saws/stnsprt-bow-saw-24in/p/p1054,,,
,60% OFF Favorite Fishing Defender 2000 Spinning Reel (was $50 now $20),,,3,https://www.avantlink.com/click.php?tt=el&merchant_id=83c7c186-fb5f-42ca-a1a4-8e6e1a99ac2e&website_id=c3571a18-8c5f-4fa4-bbfc-646887262f95&url=https%3A%2F%2Fwww.sportsmans.com%2Ffishing-gear-supplies%2Fspinning-reels%2Ffavorite-fishing-defender-spinning-reel%2Fp%2F1714400&ctc=honeyhole,https://www.sportsmans.com/fishing-gear-supplies/spinning-reels/favorite-fishing-defender-spinning-reel/p/1714400,,,
,40% OFF Woolverino Half Neck Gaiter‚ÄîUltralight & breathable! (was $25 now $15),,,4,https://www.avantlink.com/click.php?tt=el&merchant_id=c259e5f0-7344-4972-9b81-c140a02b03c7&website_id=c3571a18-8c5f-4fa4-bbfc-646887262f95&url=https%3A%2F%2Fwww.minus33.com%2Fcollections%2Fclearance%2Fproducts%2Fwoolverino-wool-neck-gaiter-micro-weight&ctc=honeyhole,https://www.minus33.com/collections/clearance/products/woolverino-wool-neck-gaiter-micro-weight,,,
,60% OFF Hodgman Brighton Neoprene Waders‚ÄîPerfect for cold water! (was $210 now $74),,,3,https://www.avantlink.com/click.php?tt=el&merchant_id=264d18ce-a020-492c-8b2c-ef11fceeab5d&website_id=c3571a18-8c5f-4fa4-bbfc-646887262f95&url=https%3A%2F%2Fwww.purefishing.com%2Fbrighton-neoprene-cleated-max5-1450976&ctc=honeyhole,https://www.purefishing.com/brighton-neoprene-cleated-max5-1450976,,,
,60% OFF Hodgman Mackenzie Cleat Chest Bootfoot Waders‚ÄîGreat budget waders! (was $95 now $34),,,4,https://www.avantlink.com/click.php?tt=el&merchant_id=264d18ce-a020-492c-8b2c-ef11fceeab5d&website_id=c3571a18-8c5f-4fa4-bbfc-646887262f95&url=https%3A%2F%2Fwww.purefishing.com%2Fmackenzie-cleat-chest-bootfoot-1347873&ctc=honeyhole,https://www.purefishing.com/mackenzie-cleat-chest-bootfoot-1347873,,,
,"50% OFF Ugly Stik GX2 Spinning Combo‚ÄîReliable, durable rod and reel setup! (was $60 now $30)",,,4,https://www.avantlink.com/click.php?tt=el&merchant_id=264d18ce-a020-492c-8b2c-ef11fceeab5d&website_id=c3571a18-8c5f-4fa4-bbfc-646887262f95&url=https%3A%2F%2Fwww.purefishing.com%2Fgx2-spinning-ladies-combo-1314553&ctc=honeyhole,https://www.purefishing.com/gx2-spinning-ladies-combo-1314553,,,
,"40% OFF TerraFlame 4-Piece Furniture Set by Solo Stove‚ÄîGreat outdoor seating! (was $2,500, now $1,750)",,,4,https://solostove.pxf.io/gOAW70,https://www.solostove.com/en-us/p/terraflame-4-piece-seating-set-by-solo-stove?sku=SS1903-4PC-GRY-DNM-K,,,
,63% OFF Max Z Spinning Reel‚ÄîAffordable and smooth! (was $60 now $22),,,5,https://www.avantlink.com/click.php?tt=el&merchant_id=19cec81b-9bc1-42f3-abb8-be3dab846192&website_id=c3571a18-8c5f-4fa4-bbfc-646887262f95&url=https%3A%2F%2Fwww.abugarcia.com%2Fproducts%2Fmax-z-spinning-reel%3F_pos%3D1%26_psq%3DMax%2BZ%2BSpinning%2BReel%26_ss%3De%26_v%3D1.0&ctc=honeyhole,https://www.abugarcia.com/products/max-z-spinning-reel?_pos=1&_psq=Max+Z+Spinning+Reel&_ss=e&_v=1.0,,,
,44% OFF MaxToro DLC Reel‚ÄîBig savings on a powerful reel! (was $180 now $100),,,5,https://www.avantlink.com/click.php?tt=el&merchant_id=19cec81b-9bc1-42f3-abb8-be3dab846192&website_id=c3571a18-8c5f-4fa4-bbfc-646887262f95&url=https%3A%2F%2Fwww.abugarcia.com%2Fproducts%2Fmax-toro-dlc-baitcast-reel%3F_pos%3D1%26_sid%3D4b000b57e%26_ss%3Dr&ctc=honeyhole,https://www.abugarcia.com/products/max-toro-dlc-baitcast-reel?_pos=1&_sid=4b000b57e&_ss=r,,,
,50% OFF Max X Spinning Combo with Bait Pack‚ÄîGreat all-in-one deal! (was $70 now $35),,,4,https://www.avantlink.com/click.php?tt=el&merchant_id=19cec81b-9bc1-42f3-abb8-be3dab846192&website_id=c3571a18-8c5f-4fa4-bbfc-646887262f95&url=https%3A%2F%2Fwww.abugarcia.com%2Fproducts%2Fmax-x-spinning-combo-with-baitpack%3F_pos%3D1%26_sid%3Dfcccf7ff3%26_ss%3Dr&ctc=honeyhole,https://www.abugarcia.com/products/max-x-spinning-combo-with-baitpack?_pos=1&_sid=fcccf7ff3&_ss=r,,,
,50% OFF Max X 2-Piece Spinning Combo‚ÄîGreat for travel! (was $70 now $50,,,4,https://www.avantlink.com/click.php?tt=el&merchant_id=19cec81b-9bc1-42f3-abb8-be3dab846192&website_id=c3571a18-8c5f-4fa4-bbfc-646887262f95&url=https%3A%2F%2Fwww.abugarcia.com%2Fproducts%2Fmax-x-2-piece-spinning-combo%3F_pos%3D1%26_sid%3De8fe0d8b4%26_ss%3Dr&ctc=honeyhole,https://www.abugarcia.com/products/max-x-2-piece-spinning-combo?_pos=1&_sid=e8fe0d8b4&_ss=r,,,
,66% OFF OPMOD HellRazr NOMADA Live Fire Cooking Barbecue‚ÄìCook anywhere with this rugged setup! (was $602 now $207),,,5,https://www.avantlink.com/click.php?tt=el&merchant_id=358fd954-c6b8-44a1-9ca9-aaad445d2dfb&website_id=c3571a18-8c5f-4fa4-bbfc-646887262f95&url=https%3A%2F%2Fwww.campsaver.com%2Fhellrazr-nomada-live-fire-cooking-barbecue.html&ctc=honeyhole,https://www.campsaver.com/hellrazr-nomada-live-fire-cooking-barbecue.html,,,
,67% OFF Lowa Malta GTX Mid Hiking Shoes ‚Äì Stylish & functional boots! (was $225 now $73.13),,,5,https://www.avantlink.com/click.php?tt=el&merchant_id=358fd954-c6b8-44a1-9ca9-aaad445d2dfb&website_id=c3571a18-8c5f-4fa4-bbfc-646887262f95&url=https%3A%2F%2Fwww.campsaver.com%2Flowa-malta-gtx-mid-hiking-shoes-women-s.html&ctc=honeyhole,https://www.campsaver.com/lowa-malta-gtx-mid-hiking-shoes-women-s.html,,,
,71% OFF Creme Lures Scoundrel Rigged Worm‚ÄîClassic soft bait for bass fishing! (was $6 now $2),,,4,https://www.avantlink.com/click.php?tt=el&merchant_id=358fd954-c6b8-44a1-9ca9-aaad445d2dfb&website_id=c3571a18-8c5f-4fa4-bbfc-646887262f95&url=https%3A%2F%2Fwww.campsaver.com%2Fcreme-lures-scoundrel-rigged-worm-1-rig-and-spare-weedless.html&ctc=honeyhole,https://www.campsaver.com/creme-lures-scoundrel-rigged-worm-1-rig-and-spare-weedless.html,,,
,üî• 67% OFF Crazy Creek Canoe Pad ‚Äì Ultimate Comfort on the Water! üî• (was $30 now $10),,,4,https://www.avantlink.com/click.php?tt=el&merchant_id=e487d632-d06b-496a-9d4d-418aba68a3ea&website_id=c3571a18-8c5f-4fa4-bbfc-646887262f95&url=https%3A%2F%2Fcrazycreek.com%2Fcollections%2Fcamping-backpacking%2Fproducts%2Fcanoe-pad%3Fvariant%3D44499738362172&ctc=honeyhole,https://crazycreek.com/collections/camping-backpacking/products/canoe-pad?variant=44499738362172,,,
,50% OFF ENO reCollar‚Ñ¢ ‚Äì Eco-friendly and adventure-approved! (was $9.95 now $4.95),,,4,https://www.avantlink.com/click.php?tt=el&merchant_id=0c764619-0925-431b-8f2b-57aa66ab9533&website_id=c3571a18-8c5f-4fa4-bbfc-646887262f95&url=https%3A%2F%2Feaglesnestoutfittersinc.com%2Fcollections%2Fsale%2Fproducts%2Frecollar&ctc=honeyhole,https://eaglesnestoutfittersinc.com/collections/sale/products/recollar,,,
,60% OFF Men's Yukon Flannel Shirt‚ÄîRugged comfort without obnoxious branding! (was $60 now $24),,,4,https://www.avantlink.com/click.php?tt=el&merchant_id=169eddf5-26e6-48d4-abaa-d0b09ca64199&website_id=c3571a18-8c5f-4fa4-bbfc-646887262f95&url=https%3A%2F%2Fshop.gohunt.com%2Fproducts%2Fgohunt-yukon-flannel%3Fvariant%3D42163732119746&ctc=honeyhole,https://shop.gohunt.com/products/gohunt-yukon-flannel?variant=42163732119746,,,
,"
40% OFF Kenetrek Montana Medium Weight Socks‚ÄîDurable warmth for any outdoor trek! (was $25.95 now $15.57)",,,3,https://www.avantlink.com/click.php?tt=el&merchant_id=169eddf5-26e6-48d4-abaa-d0b09ca64199&website_id=c3571a18-8c5f-4fa4-bbfc-646887262f95&url=https%3A%2F%2Fshop.gohunt.com%2Fproducts%2Fkenetrek-montana-medium-weight-socks%3Fvariant%3D40552729546&ctc=honeyhole,https://shop.gohunt.com/products/kenetrek-montana-medium-weight-socks?variant=40552729546,,,
,49% OFF Grabber Hand Warmers‚ÄîGreat buy on single serve hand warmers! (was $1.29 now $0.65),,,4,https://www.avantlink.com/click.php?tt=el&merchant_id=169eddf5-26e6-48d4-abaa-d0b09ca64199&website_id=c3571a18-8c5f-4fa4-bbfc-646887262f95&url=https%3A%2F%2Fshop.gohunt.com%2Fproducts%2Fgrabber-hand-warmers%3Fvariant%3D42980509483202&ctc=honeyhole,https://shop.gohunt.com/products/grabber-hand-warmers?variant=42980509483202,,,
,50% OFF 32 oz TKPro Insulated Thermos‚ÄîUltimate heat and cold retention! (was $49.95 now $24.50),,,3,https://www.avantlink.com/click.php?tt=el&merchant_id=a7751112-ec13-4cb8-8473-e3d82841b56b&website_id=c3571a18-8c5f-4fa4-bbfc-646887262f95&url=https%3A%2F%2Fwww.kleankanteen.com%2Fproducts%2F32oz-tkpro-insulated-thermos&ctc=honeyhole,https://www.kleankanteen.com/products/32oz-tkpro-insulated-thermos,,,
,20% OFF 30 Quart Companion Series Roto-Molded Cooler‚ÄîTop performer in our ice retention tests! (was $250 now $200),,,3,https://shareasale.com/r.cfm?b=1257720&u=2396132&m=83450&urllink=https%3A%2F%2Fbluecoolers%2Ecom%2Fcollections%2Fjust%2Dcoolers%2Fproducts%2F30%2Dquart%2Dcompanion%2D3%2D0%2Droto%2Dmolded%2Dcooler%2Dblue%2Dcoolers&afftrack=honeyhole,https://bluecoolers.com/collections/just-coolers/products/30-quart-companion-3-0-roto-molded-cooler-blue-coolers,,,
,50% OFF Ulfhednar Double Bow Bag w/ Backpack Straps ‚Äì Ultimate protection for your bows! (was $282 now $140),,,4,https://www.avantlink.com/click.php?tt=el&merchant_id=7bce014b-677f-43a4-83c8-3ae9d0f2357e&website_id=c3571a18-8c5f-4fa4-bbfc-646887262f95&url=https%3A%2F%2Fwww.opticsplanet.com%2Fulfhednar-double-bow-bag-w-backpack-straps.html&ctc=honeyhole,https://www.opticsplanet.com/ulfhednar-double-bow-bag-w-backpack-straps.html,,,
,50% OFF Women's Rivershed Sweater‚ÄîWarm and cozy for chilly outdoor adventures! (was $139.95 now $69.97),,,4,https://www.avantlink.com/click.php?tt=el&merchant_id=1858eb6c-556f-4fd7-9f0c-6ca55c6b1c50&website_id=c3571a18-8c5f-4fa4-bbfc-646887262f95&url=https%3A%2F%2Fwww.simmsfishing.com%2Fcollections%2Ffeatured-sale-dtc%2Fproducts%2Fws-rivershed-sweater-sale&ctc=honeyhole,https://www.simmsfishing.com/collections/featured-sale-dtc/products/ws-rivershed-sweater-sale,,,
,50% OFF Men's ColdWeather Shirt‚ÄîDurable and insulated for cold-weather hikes! (was $129.95 now $64.97),,,4,https://www.avantlink.com/click.php?tt=el&merchant_id=1858eb6c-556f-4fd7-9f0c-6ca55c6b1c50&website_id=c3571a18-8c5f-4fa4-bbfc-646887262f95&url=https%3A%2F%2Fwww.simmsfishing.com%2Fproducts%2Fms-coldweather-shirt-sale%3Fvariant%3D41124097523902&ctc=honeyhole,https://www.simmsfishing.com/products/ms-coldweather-shirt-sale,,,
,"40% OFF Mammut Rime Light IN Flex Hooded Jacket men‚ÄîLightweight, breathable, and flexible for outdoor adventures! (was $275 now $165)",,,5,https://www.avantlink.com/click.php?tt=el&merchant_id=75fdeec5-9c21-4854-b6f3-325fb4a5a47d&website_id=c3571a18-8c5f-4fa4-bbfc-646887262f95&url=https%3A%2F%2Fwww.mammut.com%2Fus%2Fen%2Fproducts%2F1013-03150-40288%2Frime-light-in-flex-hooded-jacket-men&ctc=honeyhole,https://www.mammut.com/us/en/products/1013-03150-40288/rime-light-in-flex-hooded-jacket-men,,,
,"40% OFF Mammut Rime Light IN Flex Hooded Jacket women‚ÄîWarm, packable, and perfect for hiking, climbing, and skiing! (was $275 now $165)",,,5,https://www.avantlink.com/click.php?tt=el&merchant_id=75fdeec5-9c21-4854-b6f3-325fb4a5a47d&website_id=c3571a18-8c5f-4fa4-bbfc-646887262f95&url=https%3A%2F%2Fwww.mammut.com%2Fus%2Fen%2Fproducts%2F1013-03170-3771%2Frime-light-in-flex-hooded-jacket-women&ctc=honeyhole,https://www.mammut.com/us/en/products/1013-03170-3771/rime-light-in-flex-hooded-jacket-women,,,
,"40% OFF Mammut Stoney HS Pants Women‚ÄîDurable, weather-resistant ski pants built for performance! (was $375 now $225)",,,5,https://www.avantlink.com/click.php?tt=el&merchant_id=75fdeec5-9c21-4854-b6f3-325fb4a5a47d&website_id=c3571a18-8c5f-4fa4-bbfc-646887262f95&url=https%3A%2F%2Fwww.mammut.com%2Fus%2Fen%2Fproducts%2F1020-13780-3770%2Fstoney-hs-pants-women&ctc=honeyhole,https://www.mammut.com/us/en/products/1020-13780-3770/stoney-hs-pants-women,,,
,Up to $315 OFF Lectric XP Series E-Bikes‚ÄîAdventure-Ready Rides at a Steal! üö¥‚Äç‚ôÇÔ∏è‚ö° Get top-rated electric bikes starting at just $999!,,,3,https://lectricebikes.sjv.io/K0ZK5x,https://lectricebikes.com/pages/promos,,,
,"33% OFF Vortex Fury HD 5000 Gen II 10x42 Laser Rangefinding Binoculars‚ÄîTop-Tier Optics & Precision! (was $1,499.99 now $999.99)",,,5,https://www.avantlink.com/click.php?tt=el&merchant_id=ff9af6fd-7a8c-4a4a-91a6-ea4f01435e58&website_id=c3571a18-8c5f-4fa4-bbfc-646887262f95&url=https%3A%2F%2Fwww.eurooptic.com%2FVortex-Fury-10x42-Bino-LRF-Gen-II-Rangefinder-LRF301.aspx&ctc=honeyhole,https://www.eurooptic.com/Vortex-Fury-10x42-Bino-LRF-Gen-II-Rangefinder-LRF301.aspx,,,
,31% OFF Vortex Crossfire HD 1400 Laser Rangefinder‚ÄîReliable & Accurate Targeting! (was $289.99 now $199.99),,,4,https://www.avantlink.com/click.php?tt=el&merchant_id=ff9af6fd-7a8c-4a4a-91a6-ea4f01435e58&website_id=c3571a18-8c5f-4fa4-bbfc-646887262f95&url=https%3A%2F%2Fwww.eurooptic.com%2FVortex-Crossfire-HD-1400-Laser-Rangefinder-LRF-CF1400.aspx&ctc=honeyhole,https://www.eurooptic.com/Vortex-Crossfire-HD-1400-Laser-Rangefinder-LRF-CF1400.aspx,,,
,29% OFF Men's Huk Fish and Flags Straw Sun Hat‚ÄîStay shaded in style! (was $35 now $24.99),,,4,https://www.avantlink.com/click.php?tt=el&merchant_id=e21b2ad7-382e-4db9-b77e-22f8b11c5c01&website_id=c3571a18-8c5f-4fa4-bbfc-646887262f95&url=https%3A%2F%2Fwww.scheels.com%2Fp%2F19084045640%2F%3FqueryID%3Dfb7f25185d3c33d196184015668fe7af&ctc=honeyhole,https://www.scheels.com/p/19084045640/?queryID=fb7f25185d3c33d196184015668fe7af,,,
,70% OFF Camo!‚Äî Get your CAMO cheap,,,4,https://alnk.to/58rHy5s,https://www.scheels.com/c/hunting-clothing/,,,
,40% OFF Men's Recon Stretch Ski Shell‚ÄîStay warm and flexible on the slopes! (was $450 now $270),,,5,https://www.avantlink.com/click.php?tt=el&merchant_id=bd711266-995f-47d1-aae8-6ef1317d1770&website_id=c3571a18-8c5f-4fa4-bbfc-646887262f95&url=https%3A%2F%2Fwww.blackdiamondequipment.com%2Fen_US%2Fproduct%2Frecon-stretch-ski-shell-mens%2F%3Fcolorid%3D12371&ctc=honeyhole,https://www.blackdiamondequipment.com/en_US/product/recon-stretch-ski-shell-mens/?colorid=12371,,,
,40% OFF Women's Recon Stretch Ski Shell‚ÄîHigh-performance comfort for winter adventures! (was $450 now $270),,,5,https://www.avantlink.com/click.php?tt=el&merchant_id=bd711266-995f-47d1-aae8-6ef1317d1770&website_id=c3571a18-8c5f-4fa4-bbfc-646887262f95&url=https%3A%2F%2Fwww.blackdiamondequipment.com%2Fen_US%2Fproduct%2Frecon-stretch-ski-shell-womens%2F%3Fcolorid%3D13560&ctc=honeyhole,https://www.blackdiamondequipment.com/en_US/product/recon-stretch-ski-shell-womens/?colorid=13560,,,
,"Klean Kanteen Mega Sale ‚Äì Up to 50% OFF Insulated Bottles, Tumblers & More!",,,4,https://www.avantlink.com/click.php?tt=el&merchant_id=a7751112-ec13-4cb8-8473-e3d82841b56b&website_id=c3571a18-8c5f-4fa4-bbfc-646887262f95&url=https%3A%2F%2Fwww.kleankanteen.com%2Fcollections%2Fsale&ctc=honeyhole,https://www.kleankanteen.com/collections/sale,,,
,"Vasque Women's Talus AT Waterproof Hiking Boots ‚Äì 71% OFF! (was $170, now $49)",,,4,https://www.avantlink.com/click.php?tt=el&merchant_id=e21b2ad7-382e-4db9-b77e-22f8b11c5c01&website_id=c3571a18-8c5f-4fa4-bbfc-646887262f95&url=https%3A%2F%2Fwww.scheels.com%2Fp%2F19297619822%2F%3FqueryID%3Dd1e5002d49f9f853e86bd711d3ccbdce&ctc=honeyhole,https://www.scheels.com/p/19297619822/?queryID=d1e5002d49f9f853e86bd711d3ccbdce,,,
,60% OFF a GIANT Family Camping Tent‚Äî12 people! (was $400 now $159),,,4,https://www.amazon.com/Coleman-Camping-Skydome-Person-Nights/dp/B08KGVKFT3?th=1&linkCode=ll1&tag=honeyhole-page-20&linkId=a305797007235db7c36c9fed779a6360&language=en_US&ref_=as_li_ss_tl,https://www.amazon.com/Coleman-Camping-Skydome-Person-Nights/dp/B08KGVKFT3/ref=sr_1_8?th=1,,,
,20% OFF Coghlan's Camp Spice Shakers‚ÄîPerfect for a Grab-and-Go Camping Kit! (was $6 now $4),,,4,https://www.amazon.com/Coghlans-9961-Multi-Spice/dp/B000FXWLA4?crid=13GGKS8MVG7ZD&dib=eyJ2IjoiMSJ9.TZWovWQC-qRskYP_TOZNmjtL_6QZ-K8WJ_0BKK3fANyhvxgDqhFrLAhGbaEKVxNWkx87KpubHH6e8Xn3y7IzQlaig54wdDY-2f8bGLB59J83WNoIHXN4ThAWw0bl3hhnHh4-yltB44kelXAfoFkHuP2q4xXyGSghEGLpASc7TVy0P5qC86n_ddhTL9eRePvV7zt3w-QD3CTz8--iiIsbFHglO2RpEeuEc953Qz60dr0PSNKLXsWrAppHeYle9bCQqJeOKFXcwzT3RzEuy-7jOP-S7Z46IYtRoxdemozODJ4itwxLDS8FmGjrf81PMYb_gMqs4-ZQ7ezSYITjiBBnOl-oasVr7nPtCboqW8TLkveNLqFQwK8QtbUuSRctfCBVH2b2K61zGGklGGr7wulIEpWGggbm-TJRHKyyna9K3Bo2X9JiQJdhyogLq9Wm0rDw.Nz6BXhh-iCTDMcIaRJWZWxL9k9M_QSYOmSJgdasdijA&dib_tag=se&keywords=camping&qid=1739898713&sprefix=camping%2Caps%2C154&sr=8-5&th=1&linkCode=ll1&tag=honeyhole-page-20&linkId=d3b5fe250de697c7784693101c4922d9&language=en_US&ref_=as_li_ss_tl,https://www.amazon.com/Coghlans-9961-Multi-Spice/dp/B000FXWLA4/ref=sr_1_5?crid=13GGKS8MVG7ZD&dib=eyJ2IjoiMSJ9.TZWovWQC-qRskYP_TOZNmjtL_6QZ-K8WJ_0BKK3fANyhvxgDqhFrLAhGbaEKVxNWkx87KpubHH6e8Xn3y7IzQlaig54wdDY-2f8bGLB59J83WNoIHXN4ThAWw0bl3hhnHh4-yltB44kelXAfoFkHuP2q4xXyGSghEGLpASc7TVy0P5qC86n_ddhTL9eRePvV7zt3w-QD3CTz8--iiIsbFHglO2RpEeuEc953Qz60dr0PSNKLXsWrAppHeYle9bCQqJeOKFXcwzT3RzEuy-7jOP-S7Z46IYtRoxdemozODJ4itwxLDS8FmGjrf81PMYb_gMqs4-ZQ7ezSYITjiBBnOl-oasVr7nPtCboqW8TLkveNLqFQwK8QtbUuSRctfCBVH2b2K61zGGklGGr7wulIEpWGggbm-TJRHKyyna9K3Bo2X9JiQJdhyogLq9Wm0rDw.Nz6BXhh-iCTDMcIaRJWZWxL9k9M_QSYOmSJgdasdijA&dib_tag=se&keywords=camping&qid=1739898713&sprefix=camping%2Caps%2C154&sr=8-5&th=1,,,
,"28% OFF Pop Up Privacy Shower Tent‚ÄîGreat for Camping, Changing, or a Portable Toilet Stall! (was $39 now $28)",,,3,https://www.amazon.com/Portable-Changing-Collapsible-Wakeman-Outdoors/dp/B07WWYQS7B?crid=13GGKS8MVG7ZD&dib=eyJ2IjoiMSJ9.TZWovWQC-qRskYP_TOZNmjtL_6QZ-K8WJ_0BKK3fANyhvxgDqhFrLAhGbaEKVxNWkx87KpubHH6e8Xn3y7IzQlaig54wdDY-2f8bGLB59J83WNoIHXN4ThAWw0bl3hhnHh4-yltB44kelXAfoFkHuP2q4xXyGSghEGLpASc7TVy0P5qC86n_ddhTL9eRePvV7zt3w-QD3CTz8--iiIsbFHglO2RpEeuEc953Qz60dr0PSNKLXsWrAppHeYle9bCQqJeOKFXcwzT3RzEuy-7jOP-S7Z46IYtRoxdemozODJ4itwxLDS8FmGjrf81PMYb_gMqs4-ZQ7ezSYITjiBBnOl-oasVr7nPtCboqW8TLkveNLqFQwK8QtbUuSRctfCBVH2b2K61zGGklGGr7wulIEpWGggbm-TJRHKyyna9K3Bo2X9JiQJdhyogLq9Wm0rDw.Nz6BXhh-iCTDMcIaRJWZWxL9k9M_QSYOmSJgdasdijA&dib_tag=se&keywords=camping&qid=1739898876&sprefix=camping%2Caps%2C154&sr=8-6&th=1&linkCode=ll1&tag=honeyhole-page-20&linkId=d0f178ba6bd7b9ed6e3e743a5ebfed26&language=en_US&ref_=as_li_ss_tl,https://www.amazon.com/Portable-Changing-Collapsible-Wakeman-Outdoors/dp/B07WWYQS7B/ref=sr_1_6?crid=13GGKS8MVG7ZD&dib=eyJ2IjoiMSJ9.TZWovWQC-qRskYP_TOZNmjtL_6QZ-K8WJ_0BKK3fANyhvxgDqhFrLAhGbaEKVxNWkx87KpubHH6e8Xn3y7IzQlaig54wdDY-2f8bGLB59J83WNoIHXN4ThAWw0bl3hhnHh4-yltB44kelXAfoFkHuP2q4xXyGSghEGLpASc7TVy0P5qC86n_ddhTL9eRePvV7zt3w-QD3CTz8--iiIsbFHglO2RpEeuEc953Qz60dr0PSNKLXsWrAppHeYle9bCQqJeOKFXcwzT3RzEuy-7jOP-S7Z46IYtRoxdemozODJ4itwxLDS8FmGjrf81PMYb_gMqs4-ZQ7ezSYITjiBBnOl-oasVr7nPtCboqW8TLkveNLqFQwK8QtbUuSRctfCBVH2b2K61zGGklGGr7wulIEpWGggbm-TJRHKyyna9K3Bo2X9JiQJdhyogLq9Wm0rDw.Nz6BXhh-iCTDMcIaRJWZWxL9k9M_QSYOmSJgdasdijA&dib_tag=se&keywords=camping&qid=1739898876&sprefix=camping%2Caps%2C154&sr=8-6&th=1,,,
,68% OFF HURLEY Advantage Inflatable Paddle Board Set‚ÄîAd to cart for deal! (was $700 now $220),,,5,https://www.avantlink.com/click.php?tt=el&merchant_id=358fd954-c6b8-44a1-9ca9-aaad445d2dfb&website_id=c3571a18-8c5f-4fa4-bbfc-646887262f95&url=https%3A%2F%2Fwww.campsaver.com%2Fhurley-advantage-inflatable-paddle-board-set.html&ctc=honeyhole,https://www.campsaver.com/hurley-advantage-inflatable-paddle-board-set.html,,,
,57% OFF Rapala Fish n Fillet Knife with Sharpener‚ÄîPrecision Filleting with a Classic Birchwood Handle! (was $48 now $21),,,3,https://www.avantlink.com/click.php?tt=el&merchant_id=358fd954-c6b8-44a1-9ca9-aaad445d2dfb&website_id=c3571a18-8c5f-4fa4-bbfc-646887262f95&url=https%3A%2F%2Fwww.campsaver.com%2Frapala-fish-n-fillet-knife-with-sharpener.html%3F_iv_code%3DRPL-KN4-FSHNFL-BPFNF7SH1,https://www.campsaver.com/rapala-fish-n-fillet-knife-with-sharpener.html?_iv_code=RPL-KN4-FSHNFL-BPFNF7SH1,,,
,UP TO 60% OFF Night Ize S-Biner Plastic Clips‚Äî#2 10 lb size is super handy for backpacking and camping! (was $5 now $2),,,4,https://www.avantlink.com/click.php?tool_type=cl&merchant_id=358fd954-c6b8-44a1-9ca9-aaad445d2dfb&website_id=c3571a18-8c5f-4fa4-bbfc-646887262f95&url=https%3A%2F%2Fwww.campsaver.com%2Fnite-ize-s-biner-plastic-clip-sizes-2-4-and-10.html&ctc=honeyhole,https://www.campsaver.com/nite-ize-s-biner-plastic-clip-sizes-2-4-and-10.html,,,
,40% OFF NEMO Disco Down Sleeping Bag‚Äî30 degree long size! (was $290 now $174),,,4,https://www.avantlink.com/click.php?tt=el&merchant_id=1b339602-9965-401c-a9c7-5f25dda2d3a5&website_id=c3571a18-8c5f-4fa4-bbfc-646887262f95&url=https%3A%2F%2Fwww.nemoequipment.com%2Fcollections%2Fgear-outlet%2Fproducts%2Fdisco-mens-endless-promise-down-sleeping-bag-2024&ctc=honeyhole,https://www.nemoequipment.com/collections/gear-outlet/products/disco-mens-endless-promise-down-sleeping-bag-2024,,,
,"50% OFF Women's Ether Light XT Insulated Air Sleeping Pad ‚Äì Lightweight, Warm, and Built for Adventure! (was $199, now $99",,,3,https://www.avantlink.com/click.php?tool_type=cl&merchant_id=31b24f74-cc43-486e-af62-2378a089ed77&website_id=c3571a18-8c5f-4fa4-bbfc-646887262f95&url=https%3A%2F%2Fseatosummit.com%2Fproducts%2Fether-light-xt-insulated-womens-sleeping-pad&ctc=honeyhole,https://seatosummit.com/products/ether-light-xt-insulated-womens-sleeping-pad,,,
,"50% OFF 'Factory Seconds' 6 Person Tent from Decathlon‚ÄîStill functional, but cheap! (was $169 now $85)",,,4,https://decathlonamerica.sjv.io/Bn2990,https://www.decathlon.com/collections/hike-camp-deals/products/quechua-arpenaz-pole-supported-waterproof-living-area-shelter-base-6-person-324505?variant=32011585060926,,,
,"29% OFF! Blackstone Iron Forged 36"" Griddle with Hood ‚Äì Cook like a pro for $500! (was $650)",,,3,https://dicks-sporting-goods.ryvx.net/gOWKy5,https://www.dickssportinggoods.com/p/blackstone-iron-forged-36-griddle-with-hood-24bksurnfrgd36wthcfp/24bksurnfrgd36wthcfp?categoryId=10590353,,,
,30% OFF! Waterproof Youth Tanakan Parka ‚Äì Ultimate weather protection for only $49! (was $70),,,4,https://www.avantlink.com/click.php?tt=el&merchant_id=ae488075-88cd-4058-942a-499ae8f40811&website_id=c3571a18-8c5f-4fa4-bbfc-646887262f95&url=https%3A%2F%2Ftruetimber.com%2Fproducts%2F1316-youth-tanakan-waterproof-parka-kanati%2F&ctc=honeyhole,https://truetimber.com/products/1316-youth-tanakan-waterproof-parka-kanati/,,,
,30% OFF! Longtail Parka ‚Äì Prairie or Strata ‚Äì Rugged outdoor comfort for $90! (was $130),,,4,https://www.avantlink.com/click.php?tt=el&merchant_id=ae488075-88cd-4058-942a-499ae8f40811&website_id=c3571a18-8c5f-4fa4-bbfc-646887262f95&url=https%3A%2F%2Ftruetimber.com%2Fproducts%2Flongtail-parka-strata%2F,https://truetimber.com/products/longtail-parka-strata/,,,
,30% OFF! Waterproof TrueSuede Meritor Parka ‚Äì Kanati ‚Äì Reliable warmth for $111! (was $160),,,4,https://www.avantlink.com/click.php?tt=el&merchant_id=ae488075-88cd-4058-942a-499ae8f40811&website_id=c3571a18-8c5f-4fa4-bbfc-646887262f95&url=https%3A%2F%2Ftruetimber.com%2Fproducts%2Fwaterproof-truesuede-meritor-parka-kanati%2F&ctc=honeyhole,https://truetimber.com/products/waterproof-truesuede-meritor-parka-kanati/,,,
,"29% OFF! Henry .30-30 Side Gate Lever Action ‚Äì Classic brass & walnut for $850! (was $1,200)",,,3,https://www.avantlink.com/click.php?tt=el&merchant_id=366d8fa6-2a72-4d59-bc31-583f74cfd91b&website_id=c3571a18-8c5f-4fa4-bbfc-646887262f95&url=https%3A%2F%2Fpalmettostatearmory.com%2Fhenry-30-30-side-gate-lever-action-brass-walnut-h009bg.html&ctc=honeyhole,https://palmettostatearmory.com/henry-30-30-side-gate-lever-action-brass-walnut-h009bg.html,,,
,35% OFF Chubbies Swim Trunks & Shorts at SCHEELS ‚Äì Limited Time! (Now through 3/3),,,4,https://www.avantlink.com/click.php?tt=el&merchant_id=e21b2ad7-382e-4db9-b77e-22f8b11c5c01&website_id=c3571a18-8c5f-4fa4-bbfc-646887262f95&url=https%3A%2F%2Fwww.scheels.com%2Fc%2Fall%2Fb%2Fchubbies%2F%3Fredirect%3Dchubbies,https://www.scheels.com/c/all/b/chubbies/?redirect=chubbies,,,
,"58% OFF 13 Fishing Aerios Spinning Reel ‚Äì High-Performance Fishing Gear! (was $120, now $50)",,,4,https://bassproshops.vzck.net/Qj6Lja,https://www.basspro.com/shop/en/13-fishing-aerios-spinning-reel,,,
,25% OFF Mountain Hardwear Men's Stretch Ozonic Jacket ‚Äì Lightweight & Waterproof (Was $230 Now $172.49),,,3,https://www.amazon.com/Mountain-Hardwear-Standard-Stretch-Ozonic/dp/B0C32QHN1T?th=1&psc=1&linkCode=ll1&tag=honeyhole-page-20&linkId=1c2a6fe93f7b45c1faf3dca7ad902df4&language=en_US&ref_=as_li_ss_tl,https://www.amazon.com/Mountain-Hardwear-Standard-Stretch-Ozonic/dp/B0C32NHB4V,,,
,"38% OFF Redfield Gun Safe ‚Äì Holds 64 Long Guns & 11 Handguns (Was $1,299.99 Now $799.99)",,,3,https://academysportsoutdoors.sjv.io/jeOvke,https://www.academy.com/p/redfield-64-long-gun-and-11-handgun-gun-safe#repChildCatSku=152023228,,,
,50% OFF Simms Men's CX Hoody (Was $120 Now $60),,,4,https://www.avantlink.com/click.php?tt=el&merchant_id=1858eb6c-556f-4fd7-9f0c-6ca55c6b1c50&website_id=c3571a18-8c5f-4fa4-bbfc-646887262f95&url=https%3A%2F%2Fwww.simmsfishing.com%2Fproducts%2Fms-simms-cx-hoody-sale&ctc=honeyhole,https://www.simmsfishing.com/products/ms-simms-cx-hoody-sale,,,
,55% OFF DJI Power 1000 Portable Power Station‚ÄîPlus additional $30 off when you check coupon box! (was $999 now $419),,,5,https://www.amazon.com/DJI-Power-1000-Intelligent-11-Temperature/dp/B0CZ5RYBWW?th=1&linkCode=ll1&tag=honeyhole-page-20&linkId=f474a42c2b239c18d19e8ac47585968e&language=en_US&ref_=as_li_ss_tl,https://www.amazon.com/DJI-Power-1000-Intelligent-11-Temperature/dp/B0CZ5RYBWW?th=1,,,
,"36% OFF 1200-Lumen Rechargeable Headlamp 2-Pack! (was $25 now $16, $8 ea)",,,4,https://www.amazon.com/Flashlight-LHKNL-Ultra-Light-Rechargeable-Waterproof/dp/B08D66HCXW?th=1&linkCode=ll1&tag=honeyhole-page-20&linkId=9219fa4dcddd46d9916f6194ab79f6fe&language=en_US&ref_=as_li_ss_tl,https://www.amazon.com/Flashlight-LHKNL-Ultra-Light-Rechargeable-Waterproof/dp/B08D66HCXW/ref=sr_1_3?th=1,,,
,"40% OFF Solar Charger 25,000mAh with 4 Panels! (was $47 now $28)",,,4,https://www.amazon.com/25000mAh-Hiluckey-Compatible-Smartphones-Waterproof/dp/B07FMFGGNR?th=1&linkCode=ll1&tag=honeyhole-page-20&linkId=7d4ade9fb5bc8c2e82c6f2baefea42de&language=en_US&ref_=as_li_ss_tl,https://www.amazon.com/25000mAh-Hiluckey-Compatible-Smartphones-Waterproof/dp/B07FMFGGNR/ref=sr_1_10?th=1,,,
,"56% OFF Burris BTC 50 Thermal Clip-On (was $3,199 now $1,399)",,,4,https://www.avantlink.com/click.php?tt=el&merchant_id=ff9af6fd-7a8c-4a4a-91a6-ea4f01435e58&website_id=c3571a18-8c5f-4fa4-bbfc-646887262f95&url=https%3A%2F%2Fwww.eurooptic.com%2FBurris-BTC-50-Thermal-Clip-On-300628.aspx&ctc=honeyhole,https://www.eurooptic.com/Burris-BTC-50-Thermal-Clip-On-300628.aspx,,,
,50% OFF Burris Droptine 8x42mm Binocular (was $249 now $120),,,4,https://www.avantlink.com/click.php?tt=el&merchant_id=ff9af6fd-7a8c-4a4a-91a6-ea4f01435e58&website_id=c3571a18-8c5f-4fa4-bbfc-646887262f95&url=https%3A%2F%2Fwww.eurooptic.com%2FBurris-Binocular-Droptine-8x42mm.aspx,https://www.eurooptic.com/Burris-Binocular-Droptine-8x42mm.aspx,,,
,50% OFF Burris RT-25 5-25x56mm Riflescope (was $730 now $400),,,4,https://www.avantlink.com/click.php?tt=el&merchant_id=ff9af6fd-7a8c-4a4a-91a6-ea4f01435e58&website_id=c3571a18-8c5f-4fa4-bbfc-646887262f95&url=https%3A%2F%2Fwww.eurooptic.com%2FBurris-RT-25-5-25x56mm-1-Mil-SCR-2-Mil-Riflescope-200481.aspx,https://www.eurooptic.com/Burris-RT-25-5-25x56mm-1-Mil-SCR-2-Mil-Riflescope-200481.aspx,,,
,62% OFF KUIU Rangefinder Holder 2.0‚ÄîGet it with their Pro bino harness that's also on sale! (was $39 now $15),,,5,https://www.avantlink.com/click.php?tt=el&merchant_id=74abdbc7-5cd7-4518-9fcb-9b0bf7ee96a2&website_id=c3571a18-8c5f-4fa4-bbfc-646887262f95&url=https%3A%2F%2Fwww.kuiu.com%2Fproducts%2Foutlet-rangefinder-holder-2-0-vias%3Fvariant%3D44783192834206&ctc=honeyhole,https://www.kuiu.com/products/outlet-rangefinder-holder-2-0-vias?variant=44783192834206,,,
,"50% OFF Grill Caddy with Paper Towel Holder ‚Äì Perfect for BBQs, RVs & Tailgating! (Was $40 Now $20)",,,4,https://www.amazon.com/VIKEYHOME-Organizer-Camping-Tailgating-Flatware/dp/B0C3V4VN68?&linkCode=ll1&tag=honeyhole-page-20&linkId=b5b8d345c5a60212b0c1fce87a64947c&language=en_US&ref_=as_li_ss_tl,https://www.amazon.com/VIKEYHOME-Organizer-Camping-Tailgating-Flatware/dp/B0C3V4VN68/ref=sr_1_22,,,
,25% OFF Sitewide at ExpedUSA ‚Äì Use Code SPRINGKICKOFF25! (Valid 2/27‚Äì3/10),,,5,https://www.avantlink.com/click.php?tt=el&merchant_id=e5ff97ca-3441-446a-a2fd-85687f3db1de&website_id=c3571a18-8c5f-4fa4-bbfc-646887262f95&url=https%3A%2F%2Fwww.expedusa.com%2F,https://www.expedusa.com/,,,
,61% OFF Dalbello IL Moro Ski Boot ‚Äì High-performance freeride boots! (Was $800 Now $310),,,4,public-lands.sjv.io/VxN6mJ,https://www.publiclands.com/p/dalbello-il-moro-ski-boot-21jepulmrnsblmtnxssp/21jepulmrnsblmtnxssp,,,
,40% OFF Volkl M6 Mantra Freeride Skis ‚Äì All-mountain versatility! (Was $750 Now $450),,,4,public-lands.sjv.io/BnP2n0,https://www.publiclands.com/p/volkl-23-24-m6-mantra-freeride-skis-23yzbum6mntrflt23ssp/23yzbum6mntrflt23ssp,,,
,30% OFF Fj√§llr√§ven Men's Expedition Down Lite Jacket ‚Äì Warm & durable! (Was $550 Now $385),,,4,public-lands.sjv.io/6yEgyE,https://www.publiclands.com/p/fjallraven-mens-expedition-down-lite-jacket-24kczmmxpdtndwnltmou/24kczmmxpdtndwnltmou,,,
,25% OFF Ooni Karu 12 Multi-Fuel Pizza Oven ‚Äì Wood-fired pizza anywhere! (Was $400 Now $300),,,4,public-lands.sjv.io/N9b69P,https://www.publiclands.com/p/ooni-karu-12-multi-fuel-pizza-oven-20eslakrxxxxxxxxxcac/20eslakrxxxxxxxxxcac,,,
,36% OFF Osprey Seral 7 Bike Hydration Waist Pack ‚Äì Stay hydrated on the ride! (Was $110 Now $70),,,4,dicks-sporting-goods.ryvx.net/xLZQMA,https://www.dickssportinggoods.com/p/osprey-seral-7-bike-hydration-waist-pack-21trywsrl7hydrtnwhyd/21trywsrl7hydrtnwhyd?categoryId=10590353&color=Dustmoss%20Green,,,
,17% OFF Core Equipment 10-Person Straight Wall Cabin Tent ‚Äì Spacious & easy setup! (Was $300 Now $250),,,3,https://dicks-sporting-goods.ryvx.net/jemZ9e,https://www.dickssportinggoods.com/p/core-equipment-10-person-straight-wall-cabin-tent-22coru10pstrghtwlcat/22coru10pstrghtwlcat?categoryId=10590353,,,
,55% OFF Gerber Paraframe II Folding Knife ‚Äì Lightweight & reliable! (Was $40 Now $18) üî•üî™,,,4,https://dicks-sporting-goods.ryvx.net/bOV2M9,https://www.dickssportinggoods.com/p/gerber-knives-paraframe-ii-folded-knife-17grbaprfrmsstnlscut/17grbaprfrmsstnlscut?categoryId=10590353,,,
,30% OFF Bench One ‚Äì Sturdy & stylish outdoor seating! (Was $300 Now $210),,,3,https://www.avantlink.com/click.php?tt=el&merchant_id=d7174e20-4bca-49c0-ba1a-c9386e4844a0&website_id=c3571a18-8c5f-4fa4-bbfc-646887262f95&url=https%3A%2F%2Fhelinox.com%2Fproducts%2Fbench-one%3Fvariant%3D46147976102062&ctc=honeyhole,https://helinox.com/products/bench-one?variant=46147976102062,,,
,"ZITHION-X AAA Rechargeable Batteries (4-Pack) ‚Äì Reliable & reusable power! ($29.99 ‚Äì Not a deal, but a great investment!) üîã‚ôªÔ∏è",,,4,https://www.avantlink.com/click.php?tt=el&merchant_id=e9223519-4a21-4b5a-a975-99a13f2a7d89&website_id=c3571a18-8c5f-4fa4-bbfc-646887262f95&url=https%3A%2F%2Fcoastportland.com%2Fcollections%2Fzx-batteries%2Fproducts%2Fzx-aaa,https://coastportland.com/collections/zx-batteries/products/zx-aaa,,,
,38% OFF Columbia Women's Sequoia Grove Half Zip Fleece ‚Äì Cozy & lightweight! (Was $60 Now $37),,,3,public-lands.sjv.io/WyN3ye,https://www.publiclands.com/p/columbia-womens-sequoia-grove-half-zip-fleece-24cmbwwsqgrv14zpxapa/24cmbwwsqgrv14zpxapa?categoryId=10568377&color=Camel%20Brown%2FCanoe,,,
,30% OFF Howler Brothers Men's Spellbinder Parka ‚Äì Warm & stylish for cold weather! (Was $225 Now $158),,,4,public-lands.sjv.io/jemARZ,https://www.publiclands.com/p/howler-brothers-mens-spellbinder-parka-23wpfmspllbndrprkmou/23wpfmspllbndrprkmou?categoryId=10568377&color=Buckskin%2FCocodrilo,,,
,Paracord Rope ‚Äì Discounted bulk paracord for survival & camping!,,,5,https://www.amazon.com/TECEUM-Paracord-550-Green-Projects/dp/B094HKKXLQ?th=1&linkCode=ll1&tag=honeyhole-page-20&linkId=6b418c8b020f3476bd51ef336f57bc89&language=en_US&ref_=as_li_ss_tl,https://www.amazon.com/TECEUM-Paracord-550-Green-Projects/dp/B094HKKXLQ/ref=sr_1_47,,,
,50% OFF Moultrie Mobile EDGE Cellular Trail Camera (Was $100 Now $50),,,4,https://cabelas.xhuc.net/3JEK7k,https://www.cabelas.com/shop/en/moultrie-mobile-edge-cellular-trail-camera,,,
,70% OFF Women's Bamboo Lightweight Fleece Cropped Hoodie ‚Äì Soft & breathable! (Was $94 Now $28),,,4,https://freeflyapparel.sjv.io/jem7VP,https://freeflyapparel.com/products/womens-bamboo-lightweight-fleece-cropped-hoodie-storm-cloud,,,
,30% OFF Ultra-Tough Soft Cooler (40-Can) ‚Äì Fully waterproof & locks in cold for up to 2 days! (Was $150 Now $105),,,3,https://www.avantlink.com/click.php?tt=el&merchant_id=30095111-084d-44b7-8bc7-9c46e3548ac2&website_id=c3571a18-8c5f-4fa4-bbfc-646887262f95&url=https%3A%2F%2Frticoutdoors.com%2FSoft-Pack-Cooler%3Fsize%3D40-Can%26color%3DBlue-Grey&ctc=honeyhole,https://rticoutdoors.com/Soft-Pack-Cooler?size=40-Can&color=Blue-Grey,,,
,37% OFF RangeWax High Plains Drifter Jacket ‚Äì Get your western on! (Was $285 Now $179),,,3,https://schaeferoutfitter.sjv.io/MAbqaP,https://schaeferoutfitter.com/collections/clearance/products/rangewax-high-plains-drifter-jacket-oak?_pos=3&_fid=1b30381e2&_ss=c&variant=42615969054813,,,
,50% OFF Coleman Montana 8-Person Tent ‚Äì Spacious 16' x 7' tent with an extended door awning and easy snag-free setup! (Was $269 Now $134) üèïÔ∏è,,,2,https://www.amazon.com/Coleman-Included-Spacious-Interior-Multiple/dp/B00J955FG6?th=1&linkCode=ll1&tag=honeyhole-page-20&linkId=02394ce0f825bd372ebabc68b64fdbf1&language=en_US&ref_=as_li_ss_tl,https://www.amazon.com/Coleman-Included-Spacious-Interior-Multiple/dp/B00J955FG6?th=1,,,
,20% OFF YETI Hopper Flip 8 Cooler - Gotta Love Yeti! (Was $200 Now $160) ,,,3,https://dicks-sporting-goods.ryvx.net/RGn2Dy,https://dicks-sporting-goods.ryvx.net/2a5V7G,,,
,"60% OFF Tiger Wall 2 Carbon Tent ‚Äì Ultralight two-person tent with Dyneema fabric for top-tier durability and waterproofing! (Was $1,799 Now $719)",,,5,,https://www.bigagnes.com/products/tiger-wall-2-carbon?_pos=1&_sid=3cfc20635&_ss=r,,,
,60% OFF Wyoming Trail 4 Tent ‚Äì Spacious 4-person tent with separate sleeping and storage areas! (Was $999 Now $399) üèïÔ∏è,,,4,,https://www.bigagnes.com/products/wyoming-trail-4?_pos=1&_sid=163b4eee6&_ss=r,,,
,60% OFF Wyoming Trail 2 Tent ‚Äì Compact yet spacious 2-person tent with storage vestibule! (Was $649 Now $259) üèïÔ∏è,,,4,,https://www.bigagnes.com/products/wyoming-trail-2?_pos=1&_sid=2b55dd920&_ss=r,,,
,40% OFF Blacktail 2 Hotel Bikepack Tent ‚Äì Ultralight two-person tent with expanded vestibule for bikepacking gear! (Was $399 Now $239) üö≤,,,4,,https://www.bigagnes.com/products/blacktail-2-hotel-bikepack?_pos=1&_sid=fbd0471bf&_ss=r,,,
,"40% OFF Big Six Camp Chair ‚Äì Ultra-comfortable, high-backed camp chair that packs down small! (Was $199 Now $119) ü™ë",,,3,,https://www.bigagnes.com/products/big-six-camp-chair?_pos=1&_sid=007460ccf&_ss=r,,,
,60% OFF Stuff Sacks (43L) ‚Äì Durable and water-resistant 43L stuff sack‚Äîperfect for organizing gear on the trail! (Was $23 Now $9) üéí,,,5,,https://www.bigagnes.com/products/stuff-sacks?_pos=4&_sid=cb4030f8a&_ss=r,,,
,40% OFF Spicer Peak 6 Tent ‚Äì THE BEST 6 PERSON TENT YOU WILL FIND AT THIS PRICE! (Was $449 Now $269) ‚õ∫,,,5,,https://www.bigagnes.com/products/spicer-peak-6?_pos=1&_sid=e521b640c&_ss=r,,,
,20% OFF Osprey Transporter 40 Duffel (Was $160 Now $128),,,4,https://scheels.sjv.io/o4L6Dg,https://www.scheels.com/p/84382012116/,,,
,üí∏ $300 OFF CenterPoint Wrath Crossbow‚ÄîGET $50 E-Gift Card with Purchase! (Was $699 now $399),,,4,https://scheels.sjv.io/7aO0q3,https://www.scheels.com/p/84338200492/,,,
,25% OFF Gregory Maven 45 Backpack‚ÄîWomen's best fit! (Was $230 Now $160) ,,,3,https://imp.i185592.net/e1EPe6,https://www.gregory.com/outlet/maven-45/1268MAV45.html,,,
,Get 25% OFF this Gregory Paragon 58 Pack - Men's Best Fit!! ( Was $260 Now $195),,,3,https://imp.i185592.net/zxb9nx,https://www.gregory.com/outlet/paragon-58/1268PAR58.html,,,
,42% OFF Okuma Dead Eye Classic Trolling 8'6 Combo - ( Was $140 Now $80) ,,,3,https://www.avantlink.com/click.php?tt=el&merchant_id=e21b2ad7-382e-4db9-b77e-22f8b11c5c01&website_id=c3571a18-8c5f-4fa4-bbfc-646887262f95&url=https%3A%2F%2Fwww.scheels.com%2Fp%2F73999892526%2F&ctc=honeyhole,https://www.scheels.com/p/73999892526/,,,
,33% Off Bass Pro Shops Eclipse Camp Chair for Kids - What a great deal! ( Was $14.99 Now $9.97),,,4,https://bassproshops.vzck.net/2rDdjG,https://www.cabelas.com/shop/en/101066157-bass-pro-shops-camp-chair-for-kids-101066157,,,
,37% OFF Garmin GPSMAP 65s Multi-Band GPS Handheld Unit with Sensors - This thing is RAD (Was $400 Now $250) ,,,3,https://cabelas.xhuc.net/7aOkDY,https://www.cabelas.com/shop/en/garmin-gpsmap-65s-multi-band-gps-handheld-unit-with-sensors,,,
,25% OFF Stanley 30oz Adventure Quencher H2.0 FlowState Tumbler - (Was $35 Now $26),,,4,https://academysportsoutdoors.sjv.io/N90W2b,https://www.academy.com/p/stanley-30oz-adventure-quencher-h20-flowstate-tumbler,,,
,32% OFF Coleman RoadTrip X-Cursion Propane Grill - Discount applied when added to cart! (Was $220 Now $149) ,,,3,https://public-lands.sjv.io/19PBoR,https://www.publiclands.com/p/coleman-roadtrip-x-cursion-propane-grill-19colurdtrpxcrsnccfp/19colurdtrpxcrsnccfp,,,
,30% OFF HOKA Women's Kaha 2 GTX Hiking Boots- (Was $240 Now $168) üî•  ,,,3,https://public-lands.sjv.io/OeK05Q,https://www.publiclands.com/p/hoka-womens-kaha-2-gtx-hiking-boots-21honwwkh2gtxcstlfbo/21honwwkh2gtxcstlfbo,,,
,$830 OFF PERCEPTION Dapper Showdown 11.5 Fishing Kayak - (was $2130 Now $1300) ,,,3,https://dicks-sporting-goods.ryvx.net/QjnLWP,https://dicks-sporting-goods.ryvx.net/QjnLWP,,,
,Save $190 on Big Agnes Copper Spur HV UL3 Tent - (Was $599 Now $409) ,,,3,https://dicks-sporting-goods.ryvx.net/RGnqWg,https://www.dickssportinggoods.com/p/big-agnes-copper-spur-hv-ul3-tent-21tumucpprsprhvl3cat/21tumucpprsprhvl3cat,,,
,$50 OFF Ombraz Sunglasses ‚Äì armless sunglasses  (Was $130 Now $80),,,4,https://www.avantlink.com/click.php?tt=el&merchant_id=ffae64b9-8022-46b3-a65b-cbdd5ccc4790&website_id=c3571a18-8c5f-4fa4-bbfc-646887262f95&url=https%3A%2F%2Fombraz.com%2Fcollections%2Fon-sale&ctc=honeyhole,https://ombraz.com/collections/on-sale,,,
,23% OFF Lew‚Äôs Laser TXS Baitcast Rod and Reel Combo ‚Äì Lightweight and Smooth for Any Catch (Was $130 Now $100),,,4,https://academysportsoutdoors.sjv.io/e1E0BQ,https://www.academy.com/p/lews-laser-txs-6-ft-10-in-mh-baitcast-rod-and-reel-combo,,,
,50% OFF Frontier Ultralight 1.3L Pot Cook Set (3 Piece) ‚Äì Lightweight and Perfect for Backpacking (Was $80 Now $40),,,4,https://www.avantlink.com/click.php?tt=el&merchant_id=31b24f74-cc43-486e-af62-2378a089ed77&website_id=c3571a18-8c5f-4fa4-bbfc-646887262f95&url=https%3A%2F%2Fseatosummit.com%2Fproducts%2Ffrontier-ultralight-1-3l-pot-cook-set-3-piece-past-season,https://seatosummit.com/products/frontier-ultralight-1-3l-pot-cook-set-3-piece-past-season,,,
,50% OFF Evac Compression Dry Bag ‚Äì Lightweight and Waterproof for Easy Packing (Was $50 Now $25),,,4,https://www.avantlink.com/click.php?tt=el&merchant_id=31b24f74-cc43-486e-af62-2378a089ed77&website_id=c3571a18-8c5f-4fa4-bbfc-646887262f95&url=https%3A%2F%2Fseatosummit.com%2Fproducts%2Fevac-compression-dry-bag-past-season&ctc=honeryhole,https://seatosummit.com/products/evac-compression-dry-bag-past-season,,,